id_unidad,tipo_unidad,piso,piso_label,cuerpo,identificador,tipologia,orientacion,es_duplex,superficie_total_m2,superficie_terraza_m2,superficie_total_venta_m2,precio_estimado_uf
LOC-C-LOC.C1,LOCAL,1,Piso 1 + Piso 2 + Subterráneo -1,C,LOC. C1,L,,SI,169.77,0,169.77,18674.7
DEP-B-01B,DEPARTAMENTO,-1,Piso -1,B,01 B,1D,P,NO,26.4,1.98,28.38,3012.9
DEP-B-02B,DEPARTAMENTO,-1,Piso -1,B,02 B,1D,N,NO,31.98,3.7,35.68,3721.3
DEP-B-03B,DEPARTAMENTO,-1,Piso -1,B,03 B,1D,S,NO,31.98,3.7,35.68,3721.3
DEP-B-04B,DEPARTAMENTO,-1,Piso -1,B,04 B,1D,P,NO,26.78,1.6,28.38,3033.8
DEP-B-05B,DEPARTAMENTO,-1,Piso -1,B,05 B,1D,N,NO,31.98,3.7,35.68,3721.3
DEP-B-06B,DEPARTAMENTO,-1,Piso -1,B,06 B,1D,S,NO,31.98,3.7,35.68,3721.3
DEP-B-07B,DEPARTAMENTO,-1,Piso -1,B,07 B,1D,P,NO,26.75,2,28.75,3052.5
LOC-C-LOC.C2,LOCAL,1,Piso 1,C,LOC. C2,L,,NO,20.88,3.39,24.27,2483.2
DEP-B-101B,DEPARTAMENTO,1,Piso 1,B,101 B,1D,P,NO,26.4,1.98,28.38,3012.9
DEP-B-102B,DEPARTAMENTO,1,Piso 1,B,102 B,1D,N,NO,31.98,3.7,35.68,3721.3
DEP-B-103B,DEPARTAMENTO,1,Piso 1,B,103 B,1D,S,NO,31.98,3.7,35.68,3721.3
DEP-B-104B,DEPARTAMENTO,1,Piso 1,B,104 B,1D,P,NO,26.78,1.6,28.38,3033.8
DEP-B-105B,DEPARTAMENTO,1,Piso 1,B,105 B,1D,N,NO,31.98,3.7,35.68,3721.3
DEP-B-106B,DEPARTAMENTO,1,Piso 1,B,106 B,1D,S,NO,31.98,3.7,35.68,3721.3
DEP-B-107B,DEPARTAMENTO,1,Piso 1,B,107 B,1D,P,NO,26.75,2,28.75,3052.5
LOC-B-LOC.1B,LOCAL,1,Piso 1 + Piso 2,B,LOC. 1 B,L,,SI,18.98,0,18.98,2087.8
LOC-B-LOC.2B,LOCAL,1,Piso 1 + Piso 2,B,LOC. 2 B,L,,SI,26.73,0,26.73,2940.3
LOC-A-LOC.1A,LOCAL,1,Piso 1,A,LOC.1 A,L,,NO,32.36,0,32.36,3559.6
LOC-A-LOC.2A,LOCAL,1,Piso 1,A,LOC. 2 A,L,,NO,75.76,0,75.76,8333.6
DEP-C-201C,DEPARTAMENTO,2,Piso 2,C,201 C,1D,S/O,NO,25.28,3.39,28.67,2967.2
DEP-B-201B,DEPARTAMENTO,2,Piso 2,B,201 B,1D,P,NO,26.4,1.98,28.38,3012.9
DEP-B-202B,DEPARTAMENTO,2,Piso 2,B,202 B,1D,N,NO,31.98,3.7,35.68,3721.3
DEP-B-203B,DEPARTAMENTO,2,Piso 2,B,203 B,1D,S,NO,31.98,3.7,35.68,3721.3
DEP-B-204B,DEPARTAMENTO,2,Piso 2,B,204 B,1D,P,NO,26.78,1.6,28.38,3033.8
DEP-B-205B,DEPARTAMENTO,2,Piso 2,B,205 B,1D,N,NO,31.98,3.7,35.68,3721.3
DEP-B-206B,DEPARTAMENTO,2,Piso 2,B,206 B,1D,S,NO,31.98,3.7,35.68,3721.3
DEP-B-207B,DEPARTAMENTO,2,Piso 2,B,207 B,1D,P,NO,26.75,2,28.75,3052.5
DEP-A-201A,DEPARTAMENTO,2,Piso 2,A,201 A,1D,O/P,NO,34.63,0,34.63,3809.3
DEP-A-202A,DEPARTAMENTO,2,Piso 2,A,202 A,1D,O/N,NO,31.63,0,31.63,3479.3
DEP-A-203A,DEPARTAMENTO,2,Piso 2,A,203 A,E,N,NO,24.4,0,24.4,2684
DEP-A-204A,DEPARTAMENTO,2,Piso 2,A,204 A,1D,N,NO,35.04,0,35.04,3854.4
DEP-A-205A,DEPARTAMENTO,2,Piso 2,A,205 A,E,S/O,NO,25.59,0,25.59,2814.9
DEP-C-301C,DEPARTAMENTO,3,Piso 3 + Piso 4,C,301 C,1D 1/2,N/S,SI,49.33,0,49.33,5426.3
DEP-C-302C,DEPARTAMENTO,3,Piso 3 + Piso 4,C,302 C,1D,N/O,SI,47.02,0,47.02,5172.2
DEP-C-303C,DEPARTAMENTO,3,Piso 3,C,303 C,1D,O/P,NO,24.83,0,24.83,2731.3
DEP-C-304C,DEPARTAMENTO,3,Piso 3,C,304 C,1D,S/O,NO,25.28,3.39,28.67,2967.2
DEP-B-301B,DEPARTAMENTO,3,Piso 3,B,301 B,1D,P,NO,26.4,1.98,28.38,3012.9
DEP-B-302B,DEPARTAMENTO,3,Piso 3,B,302 B,1D,N,NO,31.98,3.7,35.68,3721.3
DEP-B-303B,DEPARTAMENTO,3,Piso 3,B,303 B,1D,S,NO,31.98,3.7,35.68,3721.3
DEP-B-304B,DEPARTAMENTO,3,Piso 3,B,304 B,1D,P,NO,26.78,1.6,28.38,3033.8
DEP-B-305B,DEPARTAMENTO,3,Piso 3,B,305 B,1D,N,NO,31.98,3.7,35.68,3721.3
DEP-B-306B,DEPARTAMENTO,3,Piso 3,B,306 B,1D,S,NO,31.98,3.7,35.68,3721.3
DEP-B-307B,DEPARTAMENTO,3,Piso 3,B,307 B,1D,P,NO,26.75,2,28.75,3052.5
DEP-B-308B,DEPARTAMENTO,3,Piso 3,B,308 B,1D,S/O,NO,35.34,2.24,37.58,4010.6
DEP-A-301A,DEPARTAMENTO,3,Piso 3,A,301 A,E,N/P/S,NO,26.38,0,26.38,2901.8
DEP-A-302A,DEPARTAMENTO,3,Piso 3,A,302 A,1D,N/O,NO,32.73,0,32.73,3600.3
DEP-C-401C,DEPARTAMENTO,4,Piso 4,C,401 C,1D,O/P,NO,24.4,0,24.4,2684
DEP-C-402C,DEPARTAMENTO,4,Piso 4,C,402 C,1D,S/O,NO,25.28,3.39,28.67,2967.2
DEP-B-401B,DEPARTAMENTO,4,Piso 4,B,401 B,1D,P,NO,26.4,1.98,28.38,3012.9
DEP-B-402B,DEPARTAMENTO,4,Piso 4,B,402 B,1D,N,NO,31.98,3.7,35.68,3721.3
DEP-B-403B,DEPARTAMENTO,4,Piso 4,B,403 B,1D,S,NO,31.98,3.7,35.68,3721.3
DEP-B-404B,DEPARTAMENTO,4,Piso 4,B,404 B,1D,P,NO,26.78,1.6,28.38,3033.8
DEP-B-405B,DEPARTAMENTO,4,Piso 4,B,405 B,1D,N,NO,31.98,3.7,35.68,3721.3
DEP-B-406B,DEPARTAMENTO,4,Piso 4,B,406 B,1D,S,NO,31.98,3.7,35.68,3721.3
DEP-B-407B,DEPARTAMENTO,4,Piso 4,B,407 B,1D,P,NO,26.75,2,28.75,3052.5
DEP-C-501C,DEPARTAMENTO,5,Piso 5,C,501 C,1D,N/S,NO,26.74,0,26.74,2941.4
DEP-C-502C,DEPARTAMENTO,5,Piso 5,C,502 C,1D,N/O,NO,27.33,0,27.33,3006.3
DEP-C-503C,DEPARTAMENTO,5,Piso 5,C,503 C,1D,O/P,NO,24.83,0,24.83,2731.3
DEP-C-504C,DEPARTAMENTO,5,Piso 5,C,504 C,1D,S/O,NO,25.28,3.39,28.67,2967.2
DEP-B-501B,DEPARTAMENTO,5,Piso 5,B,501 B,1D,O/P/S,NO,31.7,2.52,34.22,3625.6
DEP-B-502B,DEPARTAMENTO,5,Piso 5,B,502 B,1D,O/P/S,NO,31.7,2.52,34.22,3625.6